<?xml version="1.0" encoding="UTF-8"?>
<project-private xmlns="http://www.netbeans.org/ns/project-private/1">
    <editor-bookmarks xmlns="http://www.netbeans.org/ns/editor-bookmarks/2" lastBookmarkId="0"/>
    <open-files xmlns="http://www.netbeans.org/ns/projectui-open-files/2">
        <group>
            <file>file:/D:/UMP/OOP/phase3/src/phase3/GUIOrg.java</file>
            <file>file:/D:/UMP/OOP/phase3/src/phase3/Donor.java</file>
            <file>file:/D:/UMP/OOP/phase3/src/phase3/DonorGuest.java</file>
            <file>file:/D:/UMP/OOP/phase3/src/phase3/Donate.java</file>
            <file>file:/D:/UMP/OOP/phase3/src/phase3/DonorFactory.java</file>
            <file>file:/D:/UMP/OOP/phase3/src/phase3/DonorUmpStudent.java</file>
            <file>file:/D:/UMP/OOP/phase3/src/phase3/Organization.java</file>
            <file>file:/D:/UMP/OOP/phase3/src/phase3/Campaign.java</file>
        </group>
    </open-files>
</project-private>
